{"stat.beaconInteraction":1,"stat.useItem.minecraft.splash_potion":355,"stat.useItem.minecraft.quartz_block":123,"stat.leaveGame":2,"stat.pickup.minecraft.arrow":1,"stat.killEntity.EvocationIllager":1,"stat.killEntity.Slime":4,"stat.useItem.minecraft.beacon":4,"stat.killEntity.Vex":2,"stat.useItem.minecraft.diamond_sword":157,"stat.useItem.minecraft.silver_glazed_terracotta":68,"stat.jump":539,"stat.fallOneCm":9822,"stat.drop.minecraft.diamond_sword":8,"stat.pickup.minecraft.porkchop":3,"stat.pickup.minecraft.gunpowder":76,"stat.crouchOneCm":43510,"stat.pickup.minecraft.rotten_flesh":5,"stat.damageTaken":4873,"stat.pickup.minecraft.feather":22,"stat.pickup.minecraft.leather":5,"stat.killEntity.Enderman":1,"stat.pickup.minecraft.prismarine_crystals":3,"stat.useItem.minecraft.purple_shulker_box":2,"stat.flyOneCm":571756,"stat.killEntity.Shulker":2,"stat.entityKilledBy.Zombie":1,"stat.useItem.minecraft.cooked_beef":12,"stat.damageDealt":11291,"stat.timeSinceDeath":19620,"stat.killEntity.Cow":1,"stat.useItem.minecraft.spawn_egg":689,"stat.pickup.minecraft.shulker_shell":3,"stat.pickup.minecraft.mutton":7,"stat.walkOneCm":158801,"stat.playerKills":34,"stat.drop.minecraft.rotten_flesh":2,"stat.useItem.minecraft.tnt":1,"stat.killEntity.Creeper":1,"stat.pickup.minecraft.string":9,"stat.pickup.minecraft.beef":8,"stat.shulkerBoxOpened":2,"stat.pickup.minecraft.chicken":4,"stat.drop.minecraft.emerald":1,"stat.sprintOneCm":108201,"stat.killEntity.PolarBear":1,"stat.useItem.minecraft.flint_and_steel":3,"stat.mineBlock.minecraft.sea_lantern":1,"stat.killEntity.Spider":1,"stat.useItem.minecraft.lingering_potion":411,"stat.mobKills":22,"stat.entityKilledBy.Creeper":1,"stat.deaths":13,"stat.drop":11,"stat.playOneMinute":62896,"stat.killEntity.Sheep":1,"stat.entityKilledBy.Slime":1,"stat.sneakTime":6979,"stat.pickup.minecraft.slime_ball":6,"stat.pickup.minecraft.wool":3,"stat.killEntity.Zombie":7,"stat.useItem.minecraft.sandstone":64}