{"stat.useItem.minecraft.bow":13,"stat.pickup.minecraft.bone":19,"stat.pickup.minecraft.stone_pressure_plate":1,"stat.leaveGame":16,"stat.useItem.minecraft.log2":75,"stat.drop.minecraft.gunpowder":1,"stat.useItem.minecraft.diamond_sword":347,"stat.useItem.minecraft.glowstone":49,"stat.swimOneCm":1933,"stat.useItem.minecraft.planks":307,"stat.pickup.minecraft.porkchop":3,"stat.useItem.minecraft.dirt":29,"stat.pickup.minecraft.bow":2,"stat.drop.minecraft.iron_sword":4,"stat.pickup.minecraft.rotten_flesh":98,"stat.pickup.minecraft.diamond_horse_armor":1,"stat.killEntity.Enderman":1,"stat.aviateOneCm":41943,"stat.flyOneCm":2242481,"stat.killEntity.Witch":3,"stat.useItem.minecraft.cooked_beef":13,"stat.timeSinceDeath":117375,"stat.useItem.minecraft.sign":8,"stat.useItem.minecraft.spawn_egg":10,"stat.useItem.minecraft.wooden_slab":259,"stat.pickup.minecraft.mutton":3,"stat.useItem.minecraft.oak_stairs":14,"stat.killEntity.ZombieVillager":3,"stat.useItem.minecraft.dark_oak_stairs":317,"stat.killEntity.Creeper":17,"stat.pickup.minecraft.string":8,"stat.useItem.minecraft.red_sandstone":88,"stat.useItem.minecraft.trapdoor":75,"stat.sprintOneCm":642373,"stat.useItem.minecraft.hay_block":53,"stat.useItem.minecraft.fence":31,"stat.useItem.minecraft.stone_slab":20,"stat.killEntity.Horse":1,"stat.pickup.minecraft.potion":1,"stat.useItem.minecraft.stone_pressure_plate":8,"stat.useItem.minecraft.carrot":1,"stat.pickup.minecraft.saddle":1,"stat.useItem.minecraft.dye":14,"stat.entityKilledBy.Creeper":1,"stat.deaths":7,"stat.drop":14,"stat.playOneMinute":456790,"stat.pickup.minecraft.stone_button":1,"stat.killEntity.Sheep":2,"stat.pickup.minecraft.slime_ball":75,"stat.killEntity.Zombie":93,"stat.useItem.minecraft.splash_potion":3,"stat.pickup.minecraft.sign":1,"stat.pickup.minecraft.arrow":20,"stat.pickup.minecraft.iron_sword":4,"stat.killEntity.Slime":84,"stat.useItem.minecraft.rotten_flesh":5,"stat.pickup.minecraft.diamond_sword":2,"stat.jump":3813,"stat.fallOneCm":28592,"stat.pickup.minecraft.iron_ingot":4,"stat.pickup.minecraft.carrot":3,"stat.drop.minecraft.diamond_sword":4,"stat.pickup.minecraft.gunpowder":11,"stat.crouchOneCm":32770,"stat.pickup.minecraft.spider_eye":6,"stat.useItem.minecraft.stone_button":13,"stat.pickup.minecraft.dirt":2,"stat.drop.minecraft.slime_ball":1,"stat.useItem.minecraft.glass":8,"stat.pickup.minecraft.command_block":4,"stat.damageTaken":11741,"stat.pickup.minecraft.leather":2,"stat.useItem.minecraft.dark_oak_fence":54,"stat.useItem.minecraft.stone_brick_stairs":14,"stat.mineBlock.minecraft.torch":1,"stat.damageDealt":38950,"stat.useItem.minecraft.wool":128,"stat.mineBlock.minecraft.dirt":2,"stat.killEntity.Pig":3,"stat.useItem.minecraft.command_block":51,"stat.walkOneCm":794853,"stat.playerKills":10,"stat.pickup.minecraft.stick":6,"stat.useItem.minecraft.pumpkin":3,"stat.useItem.minecraft.cobblestone":92,"stat.pickup.minecraft.wooden_door":2,"stat.drop.minecraft.command_block":5,"stat.useItem.minecraft.concrete":109,"stat.killEntity.Skeleton":26,"stat.useItem.minecraft.iron_sword":380,"stat.killEntity.Chicken":1,"stat.useItem.minecraft.iron_block":11,"stat.killEntity.Spider":15,"stat.mobKills":251,"stat.useItem.minecraft.stonebrick":86,"stat.useItem.minecraft.wooden_door":18,"stat.useItem.minecraft.monster_egg":369,"stat.pickup.minecraft.torch":1,"stat.pickup.minecraft.red_flower":2,"stat.sneakTime":11944,"stat.pickup.minecraft.wool":2,"stat.useItem.minecraft.purpur_slab":14,"stat.useItem.minecraft.sandstone":17}