{"stat.useItem.minecraft.bow":13,"stat.useItem.minecraft.chain_command_block":24,"stat.pickup.minecraft.lingering_potion":1,"stat.pickup.minecraft.bone":119,"stat.useItem.minecraft.quartz_block":48,"stat.leaveGame":16,"stat.pickup.minecraft.record_stal":1,"stat.entityKilledBy.EvocationIllager":1,"stat.useItem.minecraft.repeating_command_block":28,"stat.useItem.minecraft.diamond_sword":492,"stat.useItem.minecraft.glowstone":58,"stat.swimOneCm":9978,"stat.useItem.minecraft.planks":17,"stat.pickup.minecraft.cooked_porkchop":2,"stat.pickup.minecraft.porkchop":98,"stat.useItem.minecraft.obsidian":120,"stat.useItem.minecraft.dirt":231,"stat.useItem.minecraft.stone_slab2":9,"stat.pickup.minecraft.bow":1,"stat.useItem.minecraft.water_bucket":6,"stat.drop.minecraft.iron_sword":2,"stat.pickup.minecraft.rotten_flesh":234,"stat.entityKilledBy.Spider":1,"stat.useItem.minecraft.egg":1,"stat.killEntity.Enderman":1,"stat.flyOneCm":3568081,"stat.pickup.minecraft.fish":3,"stat.useItem.minecraft.cooked_beef":21,"stat.timeSinceDeath":20606,"stat.useItem.minecraft.sign":24,"stat.useItem.minecraft.spawn_egg":119,"stat.useItem.minecraft.wooden_slab":115,"stat.pickup.minecraft.mutton":58,"stat.useItem.minecraft.lever":53,"stat.pickup.minecraft.iron_shovel":1,"stat.pickup.minecraft.carpet":14,"stat.useItem.minecraft.dark_oak_stairs":12,"stat.killEntity.Creeper":34,"stat.pickup.minecraft.string":93,"stat.useItem.minecraft.end_stone":25,"stat.pickup.minecraft.beef":54,"stat.useItem.minecraft.sea_lantern":123,"stat.pickup.minecraft.totem_of_undying":3,"stat.entityKilledBy.Skeleton":1,"stat.useItem.minecraft.red_sandstone":3,"stat.sprintOneCm":335789,"stat.useItem.minecraft.fence":7,"stat.useItem.minecraft.stone_slab":20,"stat.killEntity.Horse":1,"stat.useItem.minecraft.flint_and_steel":74,"stat.entityKilledBy.VindicationIllager":1,"stat.useItem.minecraft.pumpkin_pie":1,"stat.useItem.minecraft.lingering_potion":191,"stat.entityKilledBy.Creeper":1,"stat.pickup.minecraft.sugar":4,"stat.deaths":61,"stat.drop":4,"stat.pickup.minecraft.egg":15,"stat.playOneMinute":531416,"stat.pickup.minecraft.stone_button":3,"stat.killEntity.Sheep":1,"stat.entityKilledBy.Slime":3,"stat.pickup.minecraft.slime_ball":98,"stat.killEntity.Zombie":104,"stat.pickup.minecraft.cooked_mutton":4,"stat.useItem.minecraft.splash_potion":1,"stat.useItem.minecraft.stone":26,"stat.pickup.minecraft.arrow":105,"stat.pickup.minecraft.iron_sword":2,"stat.killEntity.EvocationIllager":2,"stat.killEntity.Slime":49,"stat.killEntity.Vex":2,"stat.entityKilledBy.Vex":1,"stat.useItem.minecraft.carpet":14,"stat.useItem.minecraft.potion":1,"stat.pickup.minecraft.diamond_sword":2,"stat.jump":2871,"stat.useItem.minecraft.sand":270,"stat.pickup.minecraft.cooked_chicken":3,"stat.fallOneCm":49845,"stat.pickup.minecraft.iron_ingot":1,"stat.pickup.minecraft.carrot":1,"stat.useItem.minecraft.stone_axe":85,"stat.pickup.minecraft.gunpowder":204,"stat.crouchOneCm":17326,"stat.pickup.minecraft.spider_eye":8,"stat.useItem.minecraft.stone_button":20,"stat.useItem.minecraft.glass":8,"stat.pickup.minecraft.command_block":1,"stat.pickup.minecraft.iron_axe":1,"stat.damageTaken":30919,"stat.pickup.minecraft.feather":55,"stat.pickup.minecraft.leather":33,"stat.pickup.minecraft.potato":1,"stat.entityKilledBy.Zombie":4,"stat.damageDealt":40410,"stat.useItem.minecraft.wool":145,"stat.killEntity.VindicationIllager":5,"stat.pickup.minecraft.shulker_shell":1,"stat.useItem.minecraft.command_block":29,"stat.walkOneCm":744476,"stat.useItem.minecraft.torch":18,"stat.playerKills":10,"stat.pickup.minecraft.stick":2,"stat.drop.minecraft.rotten_flesh":1,"stat.useItem.minecraft.log":167,"stat.useItem.minecraft.cobblestone":157,"stat.drop.minecraft.lingering_potion":1,"stat.pickup.minecraft.tnt":1,"stat.pickup.minecraft.chicken":65,"stat.pickup.minecraft.ender_pearl":1,"stat.entityKilledBy.Enderman":1,"stat.pickup.minecraft.cooked_beef":7,"stat.useItem.minecraft.cactus":7,"stat.useItem.minecraft.concrete":45,"stat.useItem.minecraft.deadbush":6,"stat.killEntity.Skeleton":7,"stat.mineBlock.minecraft.tnt":1,"stat.useItem.minecraft.iron_sword":296,"stat.killEntity.PolarBear":3,"stat.killEntity.Spider":9,"stat.mobKills":222,"stat.useItem.minecraft.stonebrick":115,"stat.useItem.minecraft.wooden_door":5,"stat.useItem.minecraft.monster_egg":3,"stat.useItem.minecraft.cobblestone_wall":20,"stat.pickup.minecraft.torch":6,"stat.sneakTime":16697,"stat.pickup.minecraft.wool":43,"stat.useItem.minecraft.purpur_slab":21,"stat.useItem.minecraft.sandstone":81}