{"stat.walkOneCm":10554,"stat.horseOneCm":46650,"stat.useItem.minecraft.stone":2,"stat.leaveGame":2,"stat.pickup.minecraft.grass":2,"stat.drop.minecraft.tallgrass":1,"stat.flyOneCm":73157,"stat.drop":3,"stat.pickup.minecraft.wheat_seeds":1,"stat.jump":17,"stat.playOneMinute":9693,"stat.sneakTime":154,"stat.pickup.minecraft.tallgrass":1,"stat.damageDealt":20,"stat.crouchOneCm":500,"stat.timeSinceDeath":9693,"stat.useItem.minecraft.dirt":1,"stat.sprintOneCm":4413,"stat.useItem.minecraft.tallgrass":2,"stat.drop.minecraft.grass":2}