{"stat.pickup.minecraft.rotten_flesh":21,"stat.useItem.minecraft.command_block":31,"stat.useItem.minecraft.glass":8,"stat.walkOneCm":104915,"stat.pickup.minecraft.bone":2,"stat.playerKills":1,"stat.useItem.minecraft.lever":3,"stat.useItem.minecraft.iron_sword":123,"stat.leaveGame":3,"stat.pickup.minecraft.arrow":2,"stat.damageTaken":3082,"stat.killEntity.Enderman":1,"stat.mobKills":30,"stat.useItem.minecraft.repeating_command_block":3,"stat.killEntity.Creeper":2,"stat.pickup.minecraft.string":2,"stat.flyOneCm":396292,"stat.deaths":4,"stat.jump":487,"stat.pickup.minecraft.egg":1,"stat.useItem.minecraft.writable_book":1,"stat.playOneMinute":104490,"stat.useItem.minecraft.concrete_powder":1,"stat.fallOneCm":4458,"stat.pickup.minecraft.stone_button":1,"stat.pickup.minecraft.iron_ingot":6,"stat.pickup.minecraft.red_flower":2,"stat.sneakTime":2239,"stat.damageDealt":6754,"stat.crouchOneCm":3790,"stat.useItem.minecraft.purpur_slab":1,"stat.killEntity.Zombie":24,"stat.timeSinceDeath":384,"stat.pickup.minecraft.spider_eye":1,"stat.useItem.minecraft.stone_button":6,"stat.useItem.minecraft.dirt":52,"stat.sprintOneCm":39270,"stat.useItem.minecraft.sign":7,"stat.useItem.minecraft.concrete":15,"stat.useItem.minecraft.sandstone":10}